<?xml version="1.0" encoding="UTF-8"?>
<con:soapui-project id="b6be3f3f-8b00-422c-aaae-c9a0e95e6487" activeEnvironment="Default" name="PokemonWSDL" resourceRoot="${projectDir}" soapui-version="5.7.0" abortOnError="false" runType="SEQUENTIAL" xmlns:con="http://eviware.com/soapui/config"><con:settings/><con:interface xsi:type="con:WsdlInterface" id="5b481b28-80b4-4bc2-9129-9aae91a78086" wsaVersion="NONE" name="PokemonPortSoap11" type="wsdl" bindingName="{http://www.baeldung.com/springsoap/gen}PokemonPortSoap11" soapVersion="1_1" anonymous="optional" definition="file:/Users/macbook/Downloads/tutorials-master/spring-soap/src/main/resources/pokemon.wsdl" xmlns:xsi="http://www.w3.org/2001/XMLSchema-instance"><con:settings/><con:definitionCache type="TEXT" rootPart="file:/Users/macbook/Downloads/tutorials-master/spring-soap/src/main/resources/pokemon.wsdl"><con:part><con:url>file:/Users/macbook/Downloads/tutorials-master/spring-soap/src/main/resources/pokemon.wsdl</con:url><con:content><![CDATA[<wsdl:definitions targetNamespace="http://www.baeldung.com/springsoap/gen" xmlns:wsdl="http://schemas.xmlsoap.org/wsdl/" xmlns:sch="http://www.baeldung.com/springsoap/gen" xmlns:soap="http://schemas.xmlsoap.org/wsdl/soap/" xmlns:tns="http://www.baeldung.com/springsoap/gen">
  <wsdl:types>
    <xs:schema elementFormDefault="qualified" targetNamespace="http://www.baeldung.com/springsoap/gen" xmlns:xs="http://www.w3.org/2001/XMLSchema">
      <xs:element name="getPokemonRequest">
        <xs:complexType>
          <xs:sequence>
            <xs:element name="name" type="xs:string"/>
          </xs:sequence>
        </xs:complexType>
      </xs:element>
      <xs:element name="getPokemonResponse">
        <xs:complexType>
          <xs:sequence>
            <xs:element name="pokemon" type="tns:pokemon"/>
          </xs:sequence>
        </xs:complexType>
      </xs:element>
      <xs:complexType name="pokemon">
        <xs:sequence>
          <xs:element name="base_experience" type="xs:string"/>
          <xs:element name="id" type="xs:int"/>
          <xs:element name="name" type="xs:string"/>
          <xs:element name="height" type="xs:int"/>
        </xs:sequence>
      </xs:complexType>
    </xs:schema>
  </wsdl:types>
  <wsdl:message name="getPokemonResponse">
    <wsdl:part element="tns:getPokemonResponse" name="getPokemonResponse"></wsdl:part>
  </wsdl:message>
  <wsdl:message name="getPokemonRequest">
    <wsdl:part element="tns:getPokemonRequest" name="getPokemonRequest"></wsdl:part>
  </wsdl:message>
  <wsdl:portType name="PokemonPort">
    <wsdl:operation name="getPokemon">
      <wsdl:input message="tns:getPokemonRequest" name="getPokemonRequest"></wsdl:input>
      <wsdl:output message="tns:getPokemonResponse" name="getPokemonResponse"></wsdl:output>
    </wsdl:operation>
  </wsdl:portType>
  <wsdl:binding name="PokemonPortSoap11" type="tns:PokemonPort">
    <soap:binding style="document" transport="http://schemas.xmlsoap.org/soap/http"/>
    <wsdl:operation name="getPokemon">
      <soap:operation soapAction=""/>
      <wsdl:input name="getPokemonRequest">
        <soap:body use="literal"/>
      </wsdl:input>
      <wsdl:output name="getPokemonResponse">
        <soap:body use="literal"/>
      </wsdl:output>
    </wsdl:operation>
  </wsdl:binding>
  <wsdl:service name="PokemonPortService">
    <wsdl:port binding="tns:PokemonPortSoap11" name="PokemonPortSoap11">
      <soap:address location="http://localhost:8080/ws"/>
    </wsdl:port>
  </wsdl:service>
</wsdl:definitions>]]></con:content><con:type>http://schemas.xmlsoap.org/wsdl/</con:type></con:part></con:definitionCache><con:endpoints><con:endpoint>http://localhost:8080/ws</con:endpoint></con:endpoints><con:operation id="30278b1c-e0b4-4fc5-b378-27155725937f" isOneWay="false" action="" name="getPokemon" bindingOperationName="getPokemon" type="Request-Response" outputName="getPokemonResponse" inputName="getPokemonRequest" receivesAttachments="false" sendsAttachments="false" anonymous="optional"><con:settings/><con:call id="7d5803e7-60b9-428e-992e-fc471956ef05" name="Request 1"><con:settings><con:setting id="com.eviware.soapui.impl.wsdl.WsdlRequest@request-headers">&lt;xml-fragment/></con:setting></con:settings><con:encoding>UTF-8</con:encoding><con:endpoint>http://localhost:8080/ws</con:endpoint><con:request><![CDATA[<soapenv:Envelope xmlns:soapenv="http://schemas.xmlsoap.org/soap/envelope/" xmlns:gen="http://www.baeldung.com/springsoap/gen">
   <soapenv:Header/>
   <soapenv:Body>
      <gen:getPokemonRequest>
         <gen:name>ditto</gen:name>
      </gen:getPokemonRequest>
   </soapenv:Body>
</soapenv:Envelope>]]></con:request><con:credentials><con:authType>No Authorization</con:authType></con:credentials><con:jmsConfig JMSDeliveryMode="PERSISTENT"/><con:jmsPropertyConfig/><con:wsaConfig mustUnderstand="NONE" version="200508" action="http://www.baeldung.com/springsoap/gen/PokemonPort/getPokemonRequest"/><con:wsrmConfig version="1.2"/></con:call></con:operation></con:interface><con:properties/><con:wssContainer/><con:oAuth2ProfileContainer/><con:oAuth1ProfileContainer/></con:soapui-project>